기존스킬명,기존직업,분류,활성_동명,저장정책
에너지 볼트,공용,원작 이름 후보 · 세부검증 필요,예,game_db_v17 원본 유지 / 슬롯·버프·쿨타임 이전 참조 아카이브
실드,공용,원작 이름 후보 · 세부검증 필요,예,game_db_v17 원본 유지 / 슬롯·버프·쿨타임 이전 참조 아카이브
텔레포트,공용,원작 이름 후보 · 세부검증 필요,예,game_db_v17 원본 유지 / 슬롯·버프·쿨타임 이전 참조 아카이브
블레스 웨폰,마법사,원작 이름 후보 · 세부검증 필요,예,game_db_v17 원본 유지 / 슬롯·버프·쿨타임 이전 참조 아카이브
힐,공용,원작 이름 후보 · 세부검증 필요,예,game_db_v17 원본 유지 / 슬롯·버프·쿨타임 이전 참조 아카이브
파이어 애로우,마법사,원작 이름 후보 · 세부검증 필요,아니오,game_db_v17 원본 유지 / 슬롯·버프·쿨타임 이전 참조 아카이브
콜 라이트닝,마법사,원작 이름 후보 · 세부검증 필요,아니오,game_db_v17 원본 유지 / 슬롯·버프·쿨타임 이전 참조 아카이브
헤이스트,공용,원작 이름 후보 · 세부검증 필요,아니오,game_db_v17 원본 유지 / 슬롯·버프·쿨타임 이전 참조 아카이브
어드밴스 스피릿,마법사,원작 이름 후보 · 세부검증 필요,예,game_db_v17 원본 유지 / 슬롯·버프·쿨타임 이전 참조 아카이브
쇼크 스턴,기사,원작 이름 후보 · 세부검증 필요,예,game_db_v17 원본 유지 / 슬롯·버프·쿨타임 이전 참조 아카이브
턴 언데드,마법사,원작 이름 후보 · 세부검증 필요,아니오,game_db_v17 원본 유지 / 슬롯·버프·쿨타임 이전 참조 아카이브
파이어 볼,마법사,원작 이름 후보 · 세부검증 필요,아니오,game_db_v17 원본 유지 / 슬롯·버프·쿨타임 이전 참조 아카이브
콘 오브 콜드,마법사,원작 이름 후보 · 세부검증 필요,아니오,game_db_v17 원본 유지 / 슬롯·버프·쿨타임 이전 참조 아카이브
디스인티그레이트,마법사,원작 이름 후보 · 세부검증 필요,아니오,game_db_v17 원본 유지 / 슬롯·버프·쿨타임 이전 참조 아카이브
디스인티그레이트(에이션트),마법사,원작 이름 후보 · 세부검증 필요,아니오,game_db_v17 원본 유지 / 슬롯·버프·쿨타임 이전 참조 아카이브
아이스 스파이크,요정,원작 이름 후보 · 세부검증 필요,예,game_db_v17 원본 유지 / 슬롯·버프·쿨타임 이전 참조 아카이브
사일런스,요정,원작 이름 후보 · 세부검증 필요,예,game_db_v17 원본 유지 / 슬롯·버프·쿨타임 이전 참조 아카이브
인비지블리티,요정,원작 이름 후보 · 세부검증 필요,예,game_db_v17 원본 유지 / 슬롯·버프·쿨타임 이전 참조 아카이브
멘탈 포커스,요정,원작 이름 후보 · 세부검증 필요,예,game_db_v17 원본 유지 / 슬롯·버프·쿨타임 이전 참조 아카이브
트리플 애로우,요정,원작 이름 후보 · 세부검증 필요,예,game_db_v17 원본 유지 / 슬롯·버프·쿨타임 이전 참조 아카이브
트리플 애로우(스피릿),요정,원작 이름 후보 · 세부검증 필요,아니오,game_db_v17 원본 유지 / 슬롯·버프·쿨타임 이전 참조 아카이브
스톰 샷,요정,원작 이름 후보 · 세부검증 필요,아니오,game_db_v17 원본 유지 / 슬롯·버프·쿨타임 이전 참조 아카이브
더블 브레이크,다크엘프,원작 이름 후보 · 세부검증 필요,예,game_db_v17 원본 유지 / 슬롯·버프·쿨타임 이전 참조 아카이브
더블 브레이크(데스티니),다크엘프,원작 이름 후보 · 세부검증 필요,아니오,game_db_v17 원본 유지 / 슬롯·버프·쿨타임 이전 참조 아카이브
카운터 배리어,기사,원작 이름 후보 · 세부검증 필요,예,game_db_v17 원본 유지 / 슬롯·버프·쿨타임 이전 참조 아카이브
카운터 배리어(마스터),기사,원작 이름 후보 · 세부검증 필요,예,game_db_v17 원본 유지 / 슬롯·버프·쿨타임 이전 참조 아카이브
리덕션 아머,기사,원작 이름 후보 · 세부검증 필요,예,game_db_v17 원본 유지 / 슬롯·버프·쿨타임 이전 참조 아카이브
다크 블레이드,암흑기사,원작 이름 후보 · 세부검증 필요,아니오,game_db_v17 원본 유지 / 슬롯·버프·쿨타임 이전 참조 아카이브
턴 언데드(강화),마법사,원작 이름 후보 · 세부검증 필요,아니오,game_db_v17 원본 유지 / 슬롯·버프·쿨타임 이전 참조 아카이브
홀리 웨폰,공용,원작 이름 후보 · 세부검증 필요,아니오,game_db_v17 원본 유지 / 슬롯·버프·쿨타임 이전 참조 아카이브
인챈트 스테이터스,마법사,원작 이름 후보 · 세부검증 필요,아니오,game_db_v17 원본 유지 / 슬롯·버프·쿨타임 이전 참조 아카이브
그레이터 힐,마법사,원작 이름 후보 · 세부검증 필요,아니오,game_db_v17 원본 유지 / 슬롯·버프·쿨타임 이전 참조 아카이브
풀 힐,마법사,원작 이름 후보 · 세부검증 필요,예,game_db_v17 원본 유지 / 슬롯·버프·쿨타임 이전 참조 아카이브
어스 재일,요정,원작 이름 후보 · 세부검증 필요,예,game_db_v17 원본 유지 / 슬롯·버프·쿨타임 이전 참조 아카이브
네이쳐스 블레싱,요정,원작 이름 후보 · 세부검증 필요,아니오,game_db_v17 원본 유지 / 슬롯·버프·쿨타임 이전 참조 아카이브
브레이브 멘탈,기사,원작 이름 후보 · 세부검증 필요,예,game_db_v17 원본 유지 / 슬롯·버프·쿨타임 이전 참조 아카이브
팬텀 블레이드,마검사,원작 이름 후보 · 세부검증 필요,아니오,game_db_v17 원본 유지 / 슬롯·버프·쿨타임 이전 참조 아카이브
썬더 아머,뇌신,원작 이름 후보 · 세부검증 필요,예,game_db_v17 원본 유지 / 슬롯·버프·쿨타임 이전 참조 아카이브
데스 사이드,사신,원작 이름 후보 · 세부검증 필요,아니오,game_db_v17 원본 유지 / 슬롯·버프·쿨타임 이전 참조 아카이브
다크 프로텍션,암흑기사,원작 이름 후보 · 세부검증 필요,아니오,game_db_v17 원본 유지 / 슬롯·버프·쿨타임 이전 참조 아카이브
세인트 블로우,신성검사,원작 이름 후보 · 세부검증 필요,아니오,game_db_v17 원본 유지 / 슬롯·버프·쿨타임 이전 참조 아카이브
기사의 일격 1,기사,자체 제작 · 활성 도감 제외,아니오,game_db_v17 원본 유지 / 슬롯·버프·쿨타임 이전 참조 아카이브
기사의 연격 2,기사,자체 제작 · 활성 도감 제외,아니오,game_db_v17 원본 유지 / 슬롯·버프·쿨타임 이전 참조 아카이브
기사의 폭발 3,기사,자체 제작 · 활성 도감 제외,아니오,game_db_v17 원본 유지 / 슬롯·버프·쿨타임 이전 참조 아카이브
기사의 심판 4,기사,자체 제작 · 활성 도감 제외,아니오,game_db_v17 원본 유지 / 슬롯·버프·쿨타임 이전 참조 아카이브
기사의 수호 5,기사,자체 제작 · 활성 도감 제외,아니오,game_db_v17 원본 유지 / 슬롯·버프·쿨타임 이전 참조 아카이브
기사의 전투의지 6,기사,자체 제작 · 활성 도감 제외,아니오,game_db_v17 원본 유지 / 슬롯·버프·쿨타임 이전 참조 아카이브
기사의 가속 7,기사,자체 제작 · 활성 도감 제외,아니오,game_db_v17 원본 유지 / 슬롯·버프·쿨타임 이전 참조 아카이브
기사의 생명력 8,기사,자체 제작 · 활성 도감 제외,아니오,game_db_v17 원본 유지 / 슬롯·버프·쿨타임 이전 참조 아카이브
기사의 회복 9,기사,자체 제작 · 활성 도감 제외,아니오,game_db_v17 원본 유지 / 슬롯·버프·쿨타임 이전 참조 아카이브
기사의 집중 10,기사,자체 제작 · 활성 도감 제외,아니오,game_db_v17 원본 유지 / 슬롯·버프·쿨타임 이전 참조 아카이브
기사의 철벽 11,기사,자체 제작 · 활성 도감 제외,아니오,game_db_v17 원본 유지 / 슬롯·버프·쿨타임 이전 참조 아카이브
기사의 돌진 12,기사,자체 제작 · 활성 도감 제외,아니오,game_db_v17 원본 유지 / 슬롯·버프·쿨타임 이전 참조 아카이브
요정의 일격 1,요정,자체 제작 · 활성 도감 제외,아니오,game_db_v17 원본 유지 / 슬롯·버프·쿨타임 이전 참조 아카이브
요정의 연격 2,요정,자체 제작 · 활성 도감 제외,아니오,game_db_v17 원본 유지 / 슬롯·버프·쿨타임 이전 참조 아카이브
요정의 폭발 3,요정,자체 제작 · 활성 도감 제외,아니오,game_db_v17 원본 유지 / 슬롯·버프·쿨타임 이전 참조 아카이브
요정의 심판 4,요정,자체 제작 · 활성 도감 제외,아니오,game_db_v17 원본 유지 / 슬롯·버프·쿨타임 이전 참조 아카이브
요정의 수호 5,요정,자체 제작 · 활성 도감 제외,아니오,game_db_v17 원본 유지 / 슬롯·버프·쿨타임 이전 참조 아카이브
요정의 전투의지 6,요정,자체 제작 · 활성 도감 제외,아니오,game_db_v17 원본 유지 / 슬롯·버프·쿨타임 이전 참조 아카이브
요정의 가속 7,요정,자체 제작 · 활성 도감 제외,아니오,game_db_v17 원본 유지 / 슬롯·버프·쿨타임 이전 참조 아카이브
요정의 생명력 8,요정,자체 제작 · 활성 도감 제외,아니오,game_db_v17 원본 유지 / 슬롯·버프·쿨타임 이전 참조 아카이브
요정의 회복 9,요정,자체 제작 · 활성 도감 제외,아니오,game_db_v17 원본 유지 / 슬롯·버프·쿨타임 이전 참조 아카이브
요정의 집중 10,요정,자체 제작 · 활성 도감 제외,아니오,game_db_v17 원본 유지 / 슬롯·버프·쿨타임 이전 참조 아카이브
요정의 철벽 11,요정,자체 제작 · 활성 도감 제외,아니오,game_db_v17 원본 유지 / 슬롯·버프·쿨타임 이전 참조 아카이브
요정의 돌진 12,요정,자체 제작 · 활성 도감 제외,아니오,game_db_v17 원본 유지 / 슬롯·버프·쿨타임 이전 참조 아카이브
마법사의 일격 1,마법사,자체 제작 · 활성 도감 제외,아니오,game_db_v17 원본 유지 / 슬롯·버프·쿨타임 이전 참조 아카이브
마법사의 연격 2,마법사,자체 제작 · 활성 도감 제외,아니오,game_db_v17 원본 유지 / 슬롯·버프·쿨타임 이전 참조 아카이브
마법사의 폭발 3,마법사,자체 제작 · 활성 도감 제외,아니오,game_db_v17 원본 유지 / 슬롯·버프·쿨타임 이전 참조 아카이브
마법사의 심판 4,마법사,자체 제작 · 활성 도감 제외,아니오,game_db_v17 원본 유지 / 슬롯·버프·쿨타임 이전 참조 아카이브
마법사의 수호 5,마법사,자체 제작 · 활성 도감 제외,아니오,game_db_v17 원본 유지 / 슬롯·버프·쿨타임 이전 참조 아카이브
마법사의 전투의지 6,마법사,자체 제작 · 활성 도감 제외,아니오,game_db_v17 원본 유지 / 슬롯·버프·쿨타임 이전 참조 아카이브
마법사의 가속 7,마법사,자체 제작 · 활성 도감 제외,아니오,game_db_v17 원본 유지 / 슬롯·버프·쿨타임 이전 참조 아카이브
마법사의 생명력 8,마법사,자체 제작 · 활성 도감 제외,아니오,game_db_v17 원본 유지 / 슬롯·버프·쿨타임 이전 참조 아카이브
마법사의 회복 9,마법사,자체 제작 · 활성 도감 제외,아니오,game_db_v17 원본 유지 / 슬롯·버프·쿨타임 이전 참조 아카이브
마법사의 집중 10,마법사,자체 제작 · 활성 도감 제외,아니오,game_db_v17 원본 유지 / 슬롯·버프·쿨타임 이전 참조 아카이브
마법사의 철벽 11,마법사,자체 제작 · 활성 도감 제외,아니오,game_db_v17 원본 유지 / 슬롯·버프·쿨타임 이전 참조 아카이브
마법사의 돌진 12,마법사,자체 제작 · 활성 도감 제외,아니오,game_db_v17 원본 유지 / 슬롯·버프·쿨타임 이전 참조 아카이브
군주의 일격 1,군주,자체 제작 · 활성 도감 제외,아니오,game_db_v17 원본 유지 / 슬롯·버프·쿨타임 이전 참조 아카이브
군주의 연격 2,군주,자체 제작 · 활성 도감 제외,아니오,game_db_v17 원본 유지 / 슬롯·버프·쿨타임 이전 참조 아카이브
군주의 폭발 3,군주,자체 제작 · 활성 도감 제외,아니오,game_db_v17 원본 유지 / 슬롯·버프·쿨타임 이전 참조 아카이브
군주의 심판 4,군주,자체 제작 · 활성 도감 제외,아니오,game_db_v17 원본 유지 / 슬롯·버프·쿨타임 이전 참조 아카이브
군주의 수호 5,군주,자체 제작 · 활성 도감 제외,아니오,game_db_v17 원본 유지 / 슬롯·버프·쿨타임 이전 참조 아카이브
군주의 전투의지 6,군주,자체 제작 · 활성 도감 제외,아니오,game_db_v17 원본 유지 / 슬롯·버프·쿨타임 이전 참조 아카이브
군주의 가속 7,군주,자체 제작 · 활성 도감 제외,아니오,game_db_v17 원본 유지 / 슬롯·버프·쿨타임 이전 참조 아카이브
군주의 생명력 8,군주,자체 제작 · 활성 도감 제외,아니오,game_db_v17 원본 유지 / 슬롯·버프·쿨타임 이전 참조 아카이브
군주의 회복 9,군주,자체 제작 · 활성 도감 제외,아니오,game_db_v17 원본 유지 / 슬롯·버프·쿨타임 이전 참조 아카이브
군주의 집중 10,군주,자체 제작 · 활성 도감 제외,아니오,game_db_v17 원본 유지 / 슬롯·버프·쿨타임 이전 참조 아카이브
군주의 철벽 11,군주,자체 제작 · 활성 도감 제외,아니오,game_db_v17 원본 유지 / 슬롯·버프·쿨타임 이전 참조 아카이브
군주의 돌진 12,군주,자체 제작 · 활성 도감 제외,아니오,game_db_v17 원본 유지 / 슬롯·버프·쿨타임 이전 참조 아카이브
다크엘프의 일격 1,다크엘프,자체 제작 · 활성 도감 제외,아니오,game_db_v17 원본 유지 / 슬롯·버프·쿨타임 이전 참조 아카이브
다크엘프의 연격 2,다크엘프,자체 제작 · 활성 도감 제외,아니오,game_db_v17 원본 유지 / 슬롯·버프·쿨타임 이전 참조 아카이브
다크엘프의 폭발 3,다크엘프,자체 제작 · 활성 도감 제외,아니오,game_db_v17 원본 유지 / 슬롯·버프·쿨타임 이전 참조 아카이브
다크엘프의 심판 4,다크엘프,자체 제작 · 활성 도감 제외,아니오,game_db_v17 원본 유지 / 슬롯·버프·쿨타임 이전 참조 아카이브
다크엘프의 수호 5,다크엘프,자체 제작 · 활성 도감 제외,아니오,game_db_v17 원본 유지 / 슬롯·버프·쿨타임 이전 참조 아카이브
다크엘프의 전투의지 6,다크엘프,자체 제작 · 활성 도감 제외,아니오,game_db_v17 원본 유지 / 슬롯·버프·쿨타임 이전 참조 아카이브
다크엘프의 가속 7,다크엘프,자체 제작 · 활성 도감 제외,아니오,game_db_v17 원본 유지 / 슬롯·버프·쿨타임 이전 참조 아카이브
다크엘프의 생명력 8,다크엘프,자체 제작 · 활성 도감 제외,아니오,game_db_v17 원본 유지 / 슬롯·버프·쿨타임 이전 참조 아카이브
다크엘프의 회복 9,다크엘프,자체 제작 · 활성 도감 제외,아니오,game_db_v17 원본 유지 / 슬롯·버프·쿨타임 이전 참조 아카이브
다크엘프의 집중 10,다크엘프,자체 제작 · 활성 도감 제외,아니오,game_db_v17 원본 유지 / 슬롯·버프·쿨타임 이전 참조 아카이브
다크엘프의 철벽 11,다크엘프,자체 제작 · 활성 도감 제외,아니오,game_db_v17 원본 유지 / 슬롯·버프·쿨타임 이전 참조 아카이브
다크엘프의 돌진 12,다크엘프,자체 제작 · 활성 도감 제외,아니오,game_db_v17 원본 유지 / 슬롯·버프·쿨타임 이전 참조 아카이브
투사의 일격 1,투사,자체 제작 · 활성 도감 제외,아니오,game_db_v17 원본 유지 / 슬롯·버프·쿨타임 이전 참조 아카이브
투사의 연격 2,투사,자체 제작 · 활성 도감 제외,아니오,game_db_v17 원본 유지 / 슬롯·버프·쿨타임 이전 참조 아카이브
투사의 폭발 3,투사,자체 제작 · 활성 도감 제외,아니오,game_db_v17 원본 유지 / 슬롯·버프·쿨타임 이전 참조 아카이브
투사의 심판 4,투사,자체 제작 · 활성 도감 제외,아니오,game_db_v17 원본 유지 / 슬롯·버프·쿨타임 이전 참조 아카이브
투사의 수호 5,투사,자체 제작 · 활성 도감 제외,아니오,game_db_v17 원본 유지 / 슬롯·버프·쿨타임 이전 참조 아카이브
투사의 전투의지 6,투사,자체 제작 · 활성 도감 제외,아니오,game_db_v17 원본 유지 / 슬롯·버프·쿨타임 이전 참조 아카이브
투사의 가속 7,투사,자체 제작 · 활성 도감 제외,아니오,game_db_v17 원본 유지 / 슬롯·버프·쿨타임 이전 참조 아카이브
투사의 생명력 8,투사,자체 제작 · 활성 도감 제외,아니오,game_db_v17 원본 유지 / 슬롯·버프·쿨타임 이전 참조 아카이브
투사의 회복 9,투사,자체 제작 · 활성 도감 제외,아니오,game_db_v17 원본 유지 / 슬롯·버프·쿨타임 이전 참조 아카이브
투사의 집중 10,투사,자체 제작 · 활성 도감 제외,아니오,game_db_v17 원본 유지 / 슬롯·버프·쿨타임 이전 참조 아카이브
투사의 철벽 11,투사,자체 제작 · 활성 도감 제외,아니오,game_db_v17 원본 유지 / 슬롯·버프·쿨타임 이전 참조 아카이브
투사의 돌진 12,투사,자체 제작 · 활성 도감 제외,아니오,game_db_v17 원본 유지 / 슬롯·버프·쿨타임 이전 참조 아카이브
총사의 일격 1,총사,자체 제작 · 활성 도감 제외,아니오,game_db_v17 원본 유지 / 슬롯·버프·쿨타임 이전 참조 아카이브
총사의 연격 2,총사,자체 제작 · 활성 도감 제외,아니오,game_db_v17 원본 유지 / 슬롯·버프·쿨타임 이전 참조 아카이브
총사의 폭발 3,총사,자체 제작 · 활성 도감 제외,아니오,game_db_v17 원본 유지 / 슬롯·버프·쿨타임 이전 참조 아카이브
총사의 심판 4,총사,자체 제작 · 활성 도감 제외,아니오,game_db_v17 원본 유지 / 슬롯·버프·쿨타임 이전 참조 아카이브
총사의 수호 5,총사,자체 제작 · 활성 도감 제외,아니오,game_db_v17 원본 유지 / 슬롯·버프·쿨타임 이전 참조 아카이브
총사의 전투의지 6,총사,자체 제작 · 활성 도감 제외,아니오,game_db_v17 원본 유지 / 슬롯·버프·쿨타임 이전 참조 아카이브
총사의 가속 7,총사,자체 제작 · 활성 도감 제외,아니오,game_db_v17 원본 유지 / 슬롯·버프·쿨타임 이전 참조 아카이브
총사의 생명력 8,총사,자체 제작 · 활성 도감 제외,아니오,game_db_v17 원본 유지 / 슬롯·버프·쿨타임 이전 참조 아카이브
총사의 회복 9,총사,자체 제작 · 활성 도감 제외,아니오,game_db_v17 원본 유지 / 슬롯·버프·쿨타임 이전 참조 아카이브
총사의 집중 10,총사,자체 제작 · 활성 도감 제외,아니오,game_db_v17 원본 유지 / 슬롯·버프·쿨타임 이전 참조 아카이브
총사의 철벽 11,총사,자체 제작 · 활성 도감 제외,아니오,game_db_v17 원본 유지 / 슬롯·버프·쿨타임 이전 참조 아카이브
총사의 돌진 12,총사,자체 제작 · 활성 도감 제외,아니오,game_db_v17 원본 유지 / 슬롯·버프·쿨타임 이전 참조 아카이브
암흑기사의 일격 1,암흑기사,자체 제작 · 활성 도감 제외,아니오,game_db_v17 원본 유지 / 슬롯·버프·쿨타임 이전 참조 아카이브
암흑기사의 연격 2,암흑기사,자체 제작 · 활성 도감 제외,아니오,game_db_v17 원본 유지 / 슬롯·버프·쿨타임 이전 참조 아카이브
암흑기사의 폭발 3,암흑기사,자체 제작 · 활성 도감 제외,아니오,game_db_v17 원본 유지 / 슬롯·버프·쿨타임 이전 참조 아카이브
암흑기사의 심판 4,암흑기사,자체 제작 · 활성 도감 제외,아니오,game_db_v17 원본 유지 / 슬롯·버프·쿨타임 이전 참조 아카이브
암흑기사의 수호 5,암흑기사,자체 제작 · 활성 도감 제외,아니오,game_db_v17 원본 유지 / 슬롯·버프·쿨타임 이전 참조 아카이브
암흑기사의 전투의지 6,암흑기사,자체 제작 · 활성 도감 제외,아니오,game_db_v17 원본 유지 / 슬롯·버프·쿨타임 이전 참조 아카이브
암흑기사의 가속 7,암흑기사,자체 제작 · 활성 도감 제외,아니오,game_db_v17 원본 유지 / 슬롯·버프·쿨타임 이전 참조 아카이브
암흑기사의 생명력 8,암흑기사,자체 제작 · 활성 도감 제외,아니오,game_db_v17 원본 유지 / 슬롯·버프·쿨타임 이전 참조 아카이브
암흑기사의 회복 9,암흑기사,자체 제작 · 활성 도감 제외,아니오,game_db_v17 원본 유지 / 슬롯·버프·쿨타임 이전 참조 아카이브
암흑기사의 집중 10,암흑기사,자체 제작 · 활성 도감 제외,아니오,game_db_v17 원본 유지 / 슬롯·버프·쿨타임 이전 참조 아카이브
암흑기사의 철벽 11,암흑기사,자체 제작 · 활성 도감 제외,아니오,game_db_v17 원본 유지 / 슬롯·버프·쿨타임 이전 참조 아카이브
암흑기사의 돌진 12,암흑기사,자체 제작 · 활성 도감 제외,아니오,game_db_v17 원본 유지 / 슬롯·버프·쿨타임 이전 참조 아카이브
신성검사의 일격 1,신성검사,자체 제작 · 활성 도감 제외,아니오,game_db_v17 원본 유지 / 슬롯·버프·쿨타임 이전 참조 아카이브
신성검사의 연격 2,신성검사,자체 제작 · 활성 도감 제외,아니오,game_db_v17 원본 유지 / 슬롯·버프·쿨타임 이전 참조 아카이브
신성검사의 폭발 3,신성검사,자체 제작 · 활성 도감 제외,아니오,game_db_v17 원본 유지 / 슬롯·버프·쿨타임 이전 참조 아카이브
신성검사의 심판 4,신성검사,자체 제작 · 활성 도감 제외,아니오,game_db_v17 원본 유지 / 슬롯·버프·쿨타임 이전 참조 아카이브
신성검사의 수호 5,신성검사,자체 제작 · 활성 도감 제외,아니오,game_db_v17 원본 유지 / 슬롯·버프·쿨타임 이전 참조 아카이브
신성검사의 전투의지 6,신성검사,자체 제작 · 활성 도감 제외,아니오,game_db_v17 원본 유지 / 슬롯·버프·쿨타임 이전 참조 아카이브
신성검사의 가속 7,신성검사,자체 제작 · 활성 도감 제외,아니오,game_db_v17 원본 유지 / 슬롯·버프·쿨타임 이전 참조 아카이브
신성검사의 생명력 8,신성검사,자체 제작 · 활성 도감 제외,아니오,game_db_v17 원본 유지 / 슬롯·버프·쿨타임 이전 참조 아카이브
신성검사의 회복 9,신성검사,자체 제작 · 활성 도감 제외,아니오,game_db_v17 원본 유지 / 슬롯·버프·쿨타임 이전 참조 아카이브
신성검사의 집중 10,신성검사,자체 제작 · 활성 도감 제외,아니오,game_db_v17 원본 유지 / 슬롯·버프·쿨타임 이전 참조 아카이브
신성검사의 철벽 11,신성검사,자체 제작 · 활성 도감 제외,아니오,game_db_v17 원본 유지 / 슬롯·버프·쿨타임 이전 참조 아카이브
신성검사의 돌진 12,신성검사,자체 제작 · 활성 도감 제외,아니오,game_db_v17 원본 유지 / 슬롯·버프·쿨타임 이전 참조 아카이브
광전사의 일격 1,광전사,자체 제작 · 활성 도감 제외,아니오,game_db_v17 원본 유지 / 슬롯·버프·쿨타임 이전 참조 아카이브
광전사의 연격 2,광전사,자체 제작 · 활성 도감 제외,아니오,game_db_v17 원본 유지 / 슬롯·버프·쿨타임 이전 참조 아카이브
광전사의 폭발 3,광전사,자체 제작 · 활성 도감 제외,아니오,game_db_v17 원본 유지 / 슬롯·버프·쿨타임 이전 참조 아카이브
광전사의 심판 4,광전사,자체 제작 · 활성 도감 제외,아니오,game_db_v17 원본 유지 / 슬롯·버프·쿨타임 이전 참조 아카이브
광전사의 수호 5,광전사,자체 제작 · 활성 도감 제외,아니오,game_db_v17 원본 유지 / 슬롯·버프·쿨타임 이전 참조 아카이브
광전사의 전투의지 6,광전사,자체 제작 · 활성 도감 제외,아니오,game_db_v17 원본 유지 / 슬롯·버프·쿨타임 이전 참조 아카이브
광전사의 가속 7,광전사,자체 제작 · 활성 도감 제외,아니오,game_db_v17 원본 유지 / 슬롯·버프·쿨타임 이전 참조 아카이브
광전사의 생명력 8,광전사,자체 제작 · 활성 도감 제외,아니오,game_db_v17 원본 유지 / 슬롯·버프·쿨타임 이전 참조 아카이브
광전사의 회복 9,광전사,자체 제작 · 활성 도감 제외,아니오,game_db_v17 원본 유지 / 슬롯·버프·쿨타임 이전 참조 아카이브
광전사의 집중 10,광전사,자체 제작 · 활성 도감 제외,아니오,game_db_v17 원본 유지 / 슬롯·버프·쿨타임 이전 참조 아카이브
광전사의 철벽 11,광전사,자체 제작 · 활성 도감 제외,아니오,game_db_v17 원본 유지 / 슬롯·버프·쿨타임 이전 참조 아카이브
광전사의 돌진 12,광전사,자체 제작 · 활성 도감 제외,아니오,game_db_v17 원본 유지 / 슬롯·버프·쿨타임 이전 참조 아카이브
사신의 일격 1,사신,자체 제작 · 활성 도감 제외,아니오,game_db_v17 원본 유지 / 슬롯·버프·쿨타임 이전 참조 아카이브
사신의 연격 2,사신,자체 제작 · 활성 도감 제외,아니오,game_db_v17 원본 유지 / 슬롯·버프·쿨타임 이전 참조 아카이브
사신의 폭발 3,사신,자체 제작 · 활성 도감 제외,아니오,game_db_v17 원본 유지 / 슬롯·버프·쿨타임 이전 참조 아카이브
사신의 심판 4,사신,자체 제작 · 활성 도감 제외,아니오,game_db_v17 원본 유지 / 슬롯·버프·쿨타임 이전 참조 아카이브
사신의 수호 5,사신,자체 제작 · 활성 도감 제외,아니오,game_db_v17 원본 유지 / 슬롯·버프·쿨타임 이전 참조 아카이브
사신의 전투의지 6,사신,자체 제작 · 활성 도감 제외,아니오,game_db_v17 원본 유지 / 슬롯·버프·쿨타임 이전 참조 아카이브
사신의 가속 7,사신,자체 제작 · 활성 도감 제외,아니오,game_db_v17 원본 유지 / 슬롯·버프·쿨타임 이전 참조 아카이브
사신의 생명력 8,사신,자체 제작 · 활성 도감 제외,아니오,game_db_v17 원본 유지 / 슬롯·버프·쿨타임 이전 참조 아카이브
사신의 회복 9,사신,자체 제작 · 활성 도감 제외,아니오,game_db_v17 원본 유지 / 슬롯·버프·쿨타임 이전 참조 아카이브
사신의 집중 10,사신,자체 제작 · 활성 도감 제외,아니오,game_db_v17 원본 유지 / 슬롯·버프·쿨타임 이전 참조 아카이브
사신의 철벽 11,사신,자체 제작 · 활성 도감 제외,아니오,game_db_v17 원본 유지 / 슬롯·버프·쿨타임 이전 참조 아카이브
사신의 돌진 12,사신,자체 제작 · 활성 도감 제외,아니오,game_db_v17 원본 유지 / 슬롯·버프·쿨타임 이전 참조 아카이브
뇌신의 일격 1,뇌신,자체 제작 · 활성 도감 제외,아니오,game_db_v17 원본 유지 / 슬롯·버프·쿨타임 이전 참조 아카이브
뇌신의 연격 2,뇌신,자체 제작 · 활성 도감 제외,아니오,game_db_v17 원본 유지 / 슬롯·버프·쿨타임 이전 참조 아카이브
뇌신의 폭발 3,뇌신,자체 제작 · 활성 도감 제외,아니오,game_db_v17 원본 유지 / 슬롯·버프·쿨타임 이전 참조 아카이브
뇌신의 심판 4,뇌신,자체 제작 · 활성 도감 제외,아니오,game_db_v17 원본 유지 / 슬롯·버프·쿨타임 이전 참조 아카이브
뇌신의 수호 5,뇌신,자체 제작 · 활성 도감 제외,아니오,game_db_v17 원본 유지 / 슬롯·버프·쿨타임 이전 참조 아카이브
뇌신의 전투의지 6,뇌신,자체 제작 · 활성 도감 제외,아니오,game_db_v17 원본 유지 / 슬롯·버프·쿨타임 이전 참조 아카이브
뇌신의 가속 7,뇌신,자체 제작 · 활성 도감 제외,아니오,game_db_v17 원본 유지 / 슬롯·버프·쿨타임 이전 참조 아카이브
뇌신의 생명력 8,뇌신,자체 제작 · 활성 도감 제외,아니오,game_db_v17 원본 유지 / 슬롯·버프·쿨타임 이전 참조 아카이브
뇌신의 회복 9,뇌신,자체 제작 · 활성 도감 제외,아니오,game_db_v17 원본 유지 / 슬롯·버프·쿨타임 이전 참조 아카이브
뇌신의 집중 10,뇌신,자체 제작 · 활성 도감 제외,아니오,game_db_v17 원본 유지 / 슬롯·버프·쿨타임 이전 참조 아카이브
뇌신의 철벽 11,뇌신,자체 제작 · 활성 도감 제외,아니오,game_db_v17 원본 유지 / 슬롯·버프·쿨타임 이전 참조 아카이브
뇌신의 돌진 12,뇌신,자체 제작 · 활성 도감 제외,아니오,game_db_v17 원본 유지 / 슬롯·버프·쿨타임 이전 참조 아카이브
마검사의 일격 1,마검사,자체 제작 · 활성 도감 제외,아니오,game_db_v17 원본 유지 / 슬롯·버프·쿨타임 이전 참조 아카이브
마검사의 연격 2,마검사,자체 제작 · 활성 도감 제외,아니오,game_db_v17 원본 유지 / 슬롯·버프·쿨타임 이전 참조 아카이브
마검사의 폭발 3,마검사,자체 제작 · 활성 도감 제외,아니오,game_db_v17 원본 유지 / 슬롯·버프·쿨타임 이전 참조 아카이브
마검사의 심판 4,마검사,자체 제작 · 활성 도감 제외,아니오,game_db_v17 원본 유지 / 슬롯·버프·쿨타임 이전 참조 아카이브
마검사의 수호 5,마검사,자체 제작 · 활성 도감 제외,아니오,game_db_v17 원본 유지 / 슬롯·버프·쿨타임 이전 참조 아카이브
마검사의 전투의지 6,마검사,자체 제작 · 활성 도감 제외,아니오,game_db_v17 원본 유지 / 슬롯·버프·쿨타임 이전 참조 아카이브
마검사의 가속 7,마검사,자체 제작 · 활성 도감 제외,아니오,game_db_v17 원본 유지 / 슬롯·버프·쿨타임 이전 참조 아카이브
마검사의 생명력 8,마검사,자체 제작 · 활성 도감 제외,아니오,game_db_v17 원본 유지 / 슬롯·버프·쿨타임 이전 참조 아카이브
마검사의 회복 9,마검사,자체 제작 · 활성 도감 제외,아니오,game_db_v17 원본 유지 / 슬롯·버프·쿨타임 이전 참조 아카이브
마검사의 집중 10,마검사,자체 제작 · 활성 도감 제외,아니오,game_db_v17 원본 유지 / 슬롯·버프·쿨타임 이전 참조 아카이브
마검사의 철벽 11,마검사,자체 제작 · 활성 도감 제외,아니오,game_db_v17 원본 유지 / 슬롯·버프·쿨타임 이전 참조 아카이브
마검사의 돌진 12,마검사,자체 제작 · 활성 도감 제외,아니오,game_db_v17 원본 유지 / 슬롯·버프·쿨타임 이전 참조 아카이브
불의 구체 1단계,공용,자체 제작 · 활성 도감 제외,아니오,game_db_v17 원본 유지 / 슬롯·버프·쿨타임 이전 참조 아카이브
불의 구체 2단계,공용,자체 제작 · 활성 도감 제외,아니오,game_db_v17 원본 유지 / 슬롯·버프·쿨타임 이전 참조 아카이브
불의 구체 3단계,공용,자체 제작 · 활성 도감 제외,아니오,game_db_v17 원본 유지 / 슬롯·버프·쿨타임 이전 참조 아카이브
불의 구체 4단계,공용,자체 제작 · 활성 도감 제외,아니오,game_db_v17 원본 유지 / 슬롯·버프·쿨타임 이전 참조 아카이브
불의 구체 5단계,공용,자체 제작 · 활성 도감 제외,아니오,game_db_v17 원본 유지 / 슬롯·버프·쿨타임 이전 참조 아카이브
물의 구체 1단계,공용,자체 제작 · 활성 도감 제외,아니오,game_db_v17 원본 유지 / 슬롯·버프·쿨타임 이전 참조 아카이브
물의 구체 2단계,공용,자체 제작 · 활성 도감 제외,아니오,game_db_v17 원본 유지 / 슬롯·버프·쿨타임 이전 참조 아카이브
물의 구체 3단계,공용,자체 제작 · 활성 도감 제외,아니오,game_db_v17 원본 유지 / 슬롯·버프·쿨타임 이전 참조 아카이브
물의 구체 4단계,공용,자체 제작 · 활성 도감 제외,아니오,game_db_v17 원본 유지 / 슬롯·버프·쿨타임 이전 참조 아카이브
물의 구체 5단계,공용,자체 제작 · 활성 도감 제외,아니오,game_db_v17 원본 유지 / 슬롯·버프·쿨타임 이전 참조 아카이브
바람의 구체 1단계,공용,자체 제작 · 활성 도감 제외,아니오,game_db_v17 원본 유지 / 슬롯·버프·쿨타임 이전 참조 아카이브
바람의 구체 2단계,공용,자체 제작 · 활성 도감 제외,아니오,game_db_v17 원본 유지 / 슬롯·버프·쿨타임 이전 참조 아카이브
바람의 구체 3단계,공용,자체 제작 · 활성 도감 제외,아니오,game_db_v17 원본 유지 / 슬롯·버프·쿨타임 이전 참조 아카이브
바람의 구체 4단계,공용,자체 제작 · 활성 도감 제외,아니오,game_db_v17 원본 유지 / 슬롯·버프·쿨타임 이전 참조 아카이브
바람의 구체 5단계,공용,자체 제작 · 활성 도감 제외,아니오,game_db_v17 원본 유지 / 슬롯·버프·쿨타임 이전 참조 아카이브
대지의 구체 1단계,공용,자체 제작 · 활성 도감 제외,아니오,game_db_v17 원본 유지 / 슬롯·버프·쿨타임 이전 참조 아카이브
대지의 구체 2단계,공용,자체 제작 · 활성 도감 제외,아니오,game_db_v17 원본 유지 / 슬롯·버프·쿨타임 이전 참조 아카이브
대지의 구체 3단계,공용,자체 제작 · 활성 도감 제외,아니오,game_db_v17 원본 유지 / 슬롯·버프·쿨타임 이전 참조 아카이브
대지의 구체 4단계,공용,자체 제작 · 활성 도감 제외,아니오,game_db_v17 원본 유지 / 슬롯·버프·쿨타임 이전 참조 아카이브
대지의 구체 5단계,공용,자체 제작 · 활성 도감 제외,아니오,game_db_v17 원본 유지 / 슬롯·버프·쿨타임 이전 참조 아카이브
빛의 구체 1단계,공용,자체 제작 · 활성 도감 제외,아니오,game_db_v17 원본 유지 / 슬롯·버프·쿨타임 이전 참조 아카이브
빛의 구체 2단계,공용,자체 제작 · 활성 도감 제외,아니오,game_db_v17 원본 유지 / 슬롯·버프·쿨타임 이전 참조 아카이브
빛의 구체 3단계,공용,자체 제작 · 활성 도감 제외,아니오,game_db_v17 원본 유지 / 슬롯·버프·쿨타임 이전 참조 아카이브
빛의 구체 4단계,공용,자체 제작 · 활성 도감 제외,아니오,game_db_v17 원본 유지 / 슬롯·버프·쿨타임 이전 참조 아카이브
빛의 구체 5단계,공용,자체 제작 · 활성 도감 제외,아니오,game_db_v17 원본 유지 / 슬롯·버프·쿨타임 이전 참조 아카이브
어둠의 구체 1단계,공용,자체 제작 · 활성 도감 제외,아니오,game_db_v17 원본 유지 / 슬롯·버프·쿨타임 이전 참조 아카이브
어둠의 구체 2단계,공용,자체 제작 · 활성 도감 제외,아니오,game_db_v17 원본 유지 / 슬롯·버프·쿨타임 이전 참조 아카이브
어둠의 구체 3단계,공용,자체 제작 · 활성 도감 제외,아니오,game_db_v17 원본 유지 / 슬롯·버프·쿨타임 이전 참조 아카이브
어둠의 구체 4단계,공용,자체 제작 · 활성 도감 제외,아니오,game_db_v17 원본 유지 / 슬롯·버프·쿨타임 이전 참조 아카이브
어둠의 구체 5단계,공용,자체 제작 · 활성 도감 제외,아니오,game_db_v17 원본 유지 / 슬롯·버프·쿨타임 이전 참조 아카이브
번개의 구체 1단계,공용,자체 제작 · 활성 도감 제외,아니오,game_db_v17 원본 유지 / 슬롯·버프·쿨타임 이전 참조 아카이브
번개의 구체 2단계,공용,자체 제작 · 활성 도감 제외,아니오,game_db_v17 원본 유지 / 슬롯·버프·쿨타임 이전 참조 아카이브
번개의 구체 3단계,공용,자체 제작 · 활성 도감 제외,아니오,game_db_v17 원본 유지 / 슬롯·버프·쿨타임 이전 참조 아카이브
번개의 구체 4단계,공용,자체 제작 · 활성 도감 제외,아니오,game_db_v17 원본 유지 / 슬롯·버프·쿨타임 이전 참조 아카이브
번개의 구체 5단계,공용,자체 제작 · 활성 도감 제외,아니오,game_db_v17 원본 유지 / 슬롯·버프·쿨타임 이전 참조 아카이브
얼음의 구체 1단계,공용,자체 제작 · 활성 도감 제외,아니오,game_db_v17 원본 유지 / 슬롯·버프·쿨타임 이전 참조 아카이브
얼음의 구체 2단계,공용,자체 제작 · 활성 도감 제외,아니오,game_db_v17 원본 유지 / 슬롯·버프·쿨타임 이전 참조 아카이브
얼음의 구체 3단계,공용,자체 제작 · 활성 도감 제외,아니오,game_db_v17 원본 유지 / 슬롯·버프·쿨타임 이전 참조 아카이브
얼음의 구체 4단계,공용,자체 제작 · 활성 도감 제외,아니오,game_db_v17 원본 유지 / 슬롯·버프·쿨타임 이전 참조 아카이브
얼음의 구체 5단계,공용,자체 제작 · 활성 도감 제외,아니오,game_db_v17 원본 유지 / 슬롯·버프·쿨타임 이전 참조 아카이브
독의 구체 1단계,공용,자체 제작 · 활성 도감 제외,아니오,game_db_v17 원본 유지 / 슬롯·버프·쿨타임 이전 참조 아카이브
독의 구체 2단계,공용,자체 제작 · 활성 도감 제외,아니오,game_db_v17 원본 유지 / 슬롯·버프·쿨타임 이전 참조 아카이브
독의 구체 3단계,공용,자체 제작 · 활성 도감 제외,아니오,game_db_v17 원본 유지 / 슬롯·버프·쿨타임 이전 참조 아카이브
독의 구체 4단계,공용,자체 제작 · 활성 도감 제외,아니오,game_db_v17 원본 유지 / 슬롯·버프·쿨타임 이전 참조 아카이브
독의 구체 5단계,공용,자체 제작 · 활성 도감 제외,아니오,game_db_v17 원본 유지 / 슬롯·버프·쿨타임 이전 참조 아카이브
성의 구체 1단계,공용,자체 제작 · 활성 도감 제외,아니오,game_db_v17 원본 유지 / 슬롯·버프·쿨타임 이전 참조 아카이브
성의 구체 2단계,공용,자체 제작 · 활성 도감 제외,아니오,game_db_v17 원본 유지 / 슬롯·버프·쿨타임 이전 참조 아카이브
성의 구체 3단계,공용,자체 제작 · 활성 도감 제외,아니오,game_db_v17 원본 유지 / 슬롯·버프·쿨타임 이전 참조 아카이브
성의 구체 4단계,공용,자체 제작 · 활성 도감 제외,아니오,game_db_v17 원본 유지 / 슬롯·버프·쿨타임 이전 참조 아카이브
성의 구체 5단계,공용,자체 제작 · 활성 도감 제외,아니오,game_db_v17 원본 유지 / 슬롯·버프·쿨타임 이전 참조 아카이브
혼돈의 구체 1단계,공용,자체 제작 · 활성 도감 제외,아니오,game_db_v17 원본 유지 / 슬롯·버프·쿨타임 이전 참조 아카이브
혼돈의 구체 2단계,공용,자체 제작 · 활성 도감 제외,아니오,game_db_v17 원본 유지 / 슬롯·버프·쿨타임 이전 참조 아카이브
혼돈의 구체 3단계,공용,자체 제작 · 활성 도감 제외,아니오,game_db_v17 원본 유지 / 슬롯·버프·쿨타임 이전 참조 아카이브
혼돈의 구체 4단계,공용,자체 제작 · 활성 도감 제외,아니오,game_db_v17 원본 유지 / 슬롯·버프·쿨타임 이전 참조 아카이브
혼돈의 구체 5단계,공용,자체 제작 · 활성 도감 제외,아니오,game_db_v17 원본 유지 / 슬롯·버프·쿨타임 이전 참조 아카이브
시간의 구체 1단계,공용,자체 제작 · 활성 도감 제외,아니오,game_db_v17 원본 유지 / 슬롯·버프·쿨타임 이전 참조 아카이브
시간의 구체 2단계,공용,자체 제작 · 활성 도감 제외,아니오,game_db_v17 원본 유지 / 슬롯·버프·쿨타임 이전 참조 아카이브
시간의 구체 3단계,공용,자체 제작 · 활성 도감 제외,아니오,game_db_v17 원본 유지 / 슬롯·버프·쿨타임 이전 참조 아카이브
시간의 구체 4단계,공용,자체 제작 · 활성 도감 제외,아니오,game_db_v17 원본 유지 / 슬롯·버프·쿨타임 이전 참조 아카이브
시간의 구체 5단계,공용,자체 제작 · 활성 도감 제외,아니오,game_db_v17 원본 유지 / 슬롯·버프·쿨타임 이전 참조 아카이브
